INSERT INTO customer (first_name, last_name, email, phone, register_date) VALUES ('Ionescu', 'Mihai', 'mihai.ionescu88@gmail.com', '0723456789', TO_DATE('2023-04-12', 'YYYY-MM-DD'));
INSERT INTO customer (first_name, last_name, email, phone, register_date) VALUES ('Popescu', 'Elena', 'elena.popescu99@yahoo.com', '0751234567', TO_DATE('2024-07-15', 'YYYY-MM-DD'));
INSERT INTO customer (first_name, last_name, email, phone, register_date) VALUES ('Munteanu', 'Andrei', 'andrei.munteanu45@hotmail.com', '0742345678', TO_DATE('2024-02-28', 'YYYY-MM-DD'));
INSERT INTO customer (first_name, last_name, email, phone, register_date) VALUES ('Georgescu', 'Maria', 'maria.georgescu76@outlook.com', NULL, TO_DATE('2024-03-09', 'YYYY-MM-DD'));
INSERT INTO customer (first_name, last_name, email, phone, register_date) VALUES ('Dumitrescu', 'Vlad', 'vlad.dumitrescu34@gmail.com', '0722456123', TO_DATE('2023-11-02', 'YYYY-MM-DD'));
INSERT INTO customer (first_name, last_name, email, phone, register_date) VALUES ('Iacob', 'Ioana', 'ioana.iacob23@mail.com', '0750234678', TO_DATE('2024-05-17', 'YYYY-MM-DD'));
INSERT INTO customer (first_name, last_name, email, phone, register_date) VALUES ('Stan', 'Gabriel', 'gabriel.stan88@yahoo.com', '0744567890', TO_DATE('2024-06-04', 'YYYY-MM-DD'));
INSERT INTO customer (first_name, last_name, email, phone, register_date) VALUES ('Petrescu', 'Ana', 'ana.petrescu21@gmail.com', '0729123456', TO_DATE('2024-10-23', 'YYYY-MM-DD'));
INSERT INTO customer (first_name, last_name, email, phone, register_date) VALUES ('Radu', 'Cosmin', 'cosmin.radu77@hotmail.com', NULL, TO_DATE('2024-01-29', 'YYYY-MM-DD'));
INSERT INTO customer (first_name, last_name, email, phone, register_date) VALUES ('Dima', 'Diana', 'diana.dima92@outlook.com', '0755678234', TO_DATE('2023-09-14', 'YYYY-MM-DD'));
INSERT INTO customer (first_name, last_name, email, phone, register_date) VALUES ('Popa', 'Adrian', 'adrian.pop82@gmail.com', '0761122334', TO_DATE('2023-08-19', 'YYYY-MM-DD'));
INSERT INTO customer (first_name, last_name, email, phone, register_date) VALUES ('Enache', 'Cristina', 'cristina.enache93@yahoo.com', '0772233445', TO_DATE('2024-04-30', 'YYYY-MM-DD'));
INSERT INTO customer (first_name, last_name, email, phone, register_date) VALUES ('Stoica', 'Liviu', 'liviu.stoica67@hotmail.com', '0783344556', TO_DATE('2024-09-10', 'YYYY-MM-DD'));
INSERT INTO customer (first_name, last_name, email, phone, register_date) VALUES ('Florea', 'Sorina', 'sorina.florea85@outlook.com', '0794455667', TO_DATE('2023-12-25', 'YYYY-MM-DD'));
INSERT INTO customer (first_name, last_name, email, phone, register_date) VALUES ('Neagu', 'George', 'george.neagu91@gmail.com', '0715566778', TO_DATE('2024-11-15', 'YYYY-MM-DD'));

INSERT INTO book (title, publication_year, cover_type, unit_price) VALUES ('Umbra vantului', 2015, 'Hardcover', 60);
INSERT INTO book (title, publication_year, cover_type, unit_price) VALUES ('Flori de gheata', 2021, 'Paperback', 35);
INSERT INTO book (title, publication_year, cover_type, unit_price) VALUES ('Samuraiul', 2018, 'Hardcover', 50);
INSERT INTO book (title, publication_year, cover_type, unit_price) VALUES ('Echilibrul perfect', 2020, 'Paperback', 40);
INSERT INTO book (title, publication_year, cover_type, unit_price) VALUES ('Oglinda', 2017, 'Hardcover', 75);
INSERT INTO book (title, publication_year, cover_type, unit_price) VALUES ('Intunericul din noi', 2019, 'Paperback', 45);
INSERT INTO book (title, publication_year, cover_type, unit_price) VALUES ('Cercul timpului', 2022, 'Paperback', 30);
INSERT INTO book (title, publication_year, cover_type, unit_price) VALUES ('Codul tacerii', 2007, 'Hardcover', 55);
INSERT INTO book (title, publication_year, cover_type, unit_price) VALUES ('Ultimul tren', 2023, 'Paperback', 60);
INSERT INTO book (title, publication_year, cover_type, unit_price) VALUES ('Orasul fara nume', 2014, 'Hardcover', 90);
INSERT INTO book (title, publication_year, cover_type, unit_price) VALUES ('Baze de date', 2013, 'Paperback', 35);
INSERT INTO book (title, publication_year, cover_type, unit_price) VALUES ('Big data', 2022, 'Hardcover', 100);
INSERT INTO book (title, publication_year, cover_type, unit_price) VALUES ('Lumina din abis', 2016, 'Hardcover', 50);
INSERT INTO book (title, publication_year, cover_type, unit_price) VALUES ('Razboinicii noptii', 1989, 'Paperback', 45);
INSERT INTO book (title, publication_year, cover_type, unit_price) VALUES ('Stelele pierdute', 1955, 'Hardcover', 80);
INSERT INTO book (title, publication_year, cover_type, unit_price) VALUES ('Drumul spre adevar', 2002, 'Paperback', 40);
INSERT INTO book (title, publication_year, cover_type, unit_price) VALUES ('Cronici din trecut', 1905, 'Hardcover', 70);
INSERT INTO book (title, publication_year, cover_type, unit_price) VALUES ('In umbra imperiului', 1932, 'Paperback', 55);
INSERT INTO book (title, publication_year, cover_type, unit_price) VALUES ('Frunza in vant', 1871, 'Hardcover', 65);
INSERT INTO book (title, publication_year, cover_type, unit_price) VALUES ('Poezii si destine', 1815, 'Hardcover', 95);
INSERT INTO book (title, publication_year, cover_type, unit_price) VALUES ('Secretul apelor', 1923, 'Paperback', 50);
INSERT INTO book (title, publication_year, cover_type, unit_price) VALUES ('Vantul din stepa', 1890, 'Hardcover', 75);
INSERT INTO book (title, publication_year, cover_type, unit_price) VALUES ('Povesti din Lumea Noua', 1792, 'Hardcover', 100);
INSERT INTO book (title, publication_year, cover_type, unit_price) VALUES ('Filosofia eternitatii', 1755, 'Paperback', 110);
INSERT INTO book (title, publication_year, cover_type, unit_price) VALUES ('Chemarea tacerii', 1845, 'Hardcover', 85);

INSERT INTO author (first_name, last_name, about) VALUES ('Andrei', 'Popescu', 'Born in 1978, Andrei Popescu is a Romanian writer known for his historical novels that explore the cultural evolution of Eastern Europe. His works blend fiction with real historical events.');
INSERT INTO author (first_name, last_name, about) VALUES ('Jennifer', 'Smith', 'Born in 1985, Jennifer Smith is an American novelist specializing in romance fiction. She has written over 10 bestsellers and is renowned for her deep character development and emotional storytelling.');
INSERT INTO author (first_name, last_name, about) VALUES ('Hiroshi', 'Nakamura', 'Born in 1969, Hiroshi Nakamura is a Japanese author famous for his samurai-themed books. His stories often explore the philosophical aspects of Bushido and the impact of modernization on traditional warriors.');
INSERT INTO author (first_name, last_name, about) VALUES ('Sofia', 'Moretti', 'Born in 1982, Sofia Moretti is an Italian writer focusing on psychological thrillers. Her novels are known for their intricate plots, exploring human psychology, trauma, and deception.');
INSERT INTO author (first_name, last_name, about) VALUES ('Jacques', 'Dupont', 'Born in 1955, Jacques Dupont is a French poet and fiction writer, often drawing inspiration from existentialist philosophy and the works of Albert Camus.');
INSERT INTO author (first_name, last_name, about) VALUES ('Hannah', 'Mueller', 'Born in 1974, Hannah Mueller is a German journalist and non-fiction author, primarily covering socio-political issues in modern Europe. She has won multiple awards for investigative journalism.');
INSERT INTO author (first_name, last_name, about) VALUES ('Aleksandr', 'Ivanov', 'Born in 1963, Aleksandr Ivanov is a Russian historian and novelist. His books focus on the Soviet era and the transformation of Russia in the 20th century.');
INSERT INTO author (first_name, last_name, about) VALUES ('Maria', 'Lopez', 'Born in 1980, Maria Lopez is a Spanish mystery and crime novelist whose works are characterized by intricate detective stories and noir-style narratives.');
INSERT INTO author (first_name, last_name, about) VALUES ('Michael', 'Johnson', 'Born in 1977, Michael Johnson is an American sci-fi and fantasy writer. His novels often explore futuristic societies and the ethical dilemmas of technological advancements.');
INSERT INTO author (first_name, last_name, about) VALUES ('Soo-Yeon', 'Kim', 'Born in 1971, Soo-Yeon Kim is a South Korean author of philosophical fiction, blending traditional Korean folklore with contemporary themes.');
INSERT INTO author (first_name, last_name, about) VALUES ('Arjun', 'Patel', 'Born in 1988, Arjun Patel is an Indian writer focused on technology and innovation. His books examine the intersection of artificial intelligence and human consciousness.');
INSERT INTO author (first_name, last_name, about) VALUES ('Liam', 'O''Connor', 'Born in 1960, Liam O''Connor is an Irish novelist known for his historical dramas, particularly those set during the Irish War of Independence.');
INSERT INTO author (first_name, last_name, about) VALUES ('Ana', 'Ferreira', 'Born in 1945, Ana Ferreira is a Portuguese poet and literary critic. Her work explores themes of nostalgia, exile, and national identity, drawing from Portugal’s rich history.');
INSERT INTO author (first_name, last_name, about) VALUES ('Ivan', 'Petrov', 'Born in 1923, Ivan Petrov was a Bulgarian author of political thrillers, deeply influenced by Cold War tensions. He passed away in 2002, leaving behind a legacy of gripping novels that dissect power struggles.');
INSERT INTO author (first_name, last_name, about) VALUES ('Emily', 'Carter', 'Born in 1935, Emily Carter is a British writer of contemporary fiction. Her work often explores themes of love, loss, and the societal shifts of the 20th century.');
INSERT INTO author (first_name, last_name, about) VALUES ('Yusuf', 'Ahmed', 'Born in 1901, Yusuf Ahmed was an Egyptian historian and non-fiction writer, specializing in the medieval Islamic period. His research contributed significantly to modern historical interpretations of the Middle East. He passed away in 1980.');
INSERT INTO author (first_name, last_name, about) VALUES ('Isabella', 'Rossi', 'Born in 1895, Isabella Rossi was an Italian fantasy and adventure novelist, publishing groundbreaking works in the early 20th century. She was one of the first women in Italy to gain widespread recognition in the genre. She passed away in 1972.');
INSERT INTO author (first_name, last_name, about) VALUES ('David', 'Thompson', 'Born in 1867, David Thompson was a Canadian nature and travel writer, known for documenting the landscapes and cultures of North America. His work provided valuable ethnographic insight. He died in 1945.');
INSERT INTO author (first_name, last_name, about) VALUES ('Elena', 'Kuznetsova', 'Born in 1783, Elena Kuznetsova was a Russian poet and translator who played a crucial role in bringing Western European literature to Russian readers. She was a pioneer in literary salons of the early 19th century. She passed away in 1851.');
INSERT INTO author (first_name, last_name, about) VALUES ('Carlos', 'Mendoza', 'Born in 1879, Carlos Mendoza was a Mexican author of magical realism, predating even Gabriel García Márquez. His work blended indigenous mythology with the surreal, creating deeply immersive narratives. He died in 1958.');

INSERT INTO county (id, name) VALUES ('B', 'Bucuresti');
INSERT INTO county (id, name) VALUES ('AB', 'Alba');
INSERT INTO county (id, name) VALUES ('AG', 'Arges');
INSERT INTO county (id, name) VALUES ('AR', 'Arad');
INSERT INTO county (id, name) VALUES ('BC', 'Bacau');
INSERT INTO county (id, name) VALUES ('BH', 'Bihor');
INSERT INTO county (id, name) VALUES ('BN', 'Bistrita-Nasaud');
INSERT INTO county (id, name) VALUES ('BR', 'Braila');
INSERT INTO county (id, name) VALUES ('BT', 'Botosani');
INSERT INTO county (id, name) VALUES ('BV', 'Brasov');
INSERT INTO county (id, name) VALUES ('BZ', 'Buzau');
INSERT INTO county (id, name) VALUES ('CJ', 'Cluj');
INSERT INTO county (id, name) VALUES ('CL', 'Calarasi');
INSERT INTO county (id, name) VALUES ('CS', 'Caras-Severin');
INSERT INTO county (id, name) VALUES ('CT', 'Constanta');
INSERT INTO county (id, name) VALUES ('CV', 'Covasna');
INSERT INTO county (id, name) VALUES ('DB', 'Dambovita');
INSERT INTO county (id, name) VALUES ('DJ', 'Dolj');
INSERT INTO county (id, name) VALUES ('GJ', 'Gorj');
INSERT INTO county (id, name) VALUES ('GL', 'Galati');
INSERT INTO county (id, name) VALUES ('GR', 'Giurgiu');
INSERT INTO county (id, name) VALUES ('HD', 'Hunedoara');
INSERT INTO county (id, name) VALUES ('HR', 'Harghita');
INSERT INTO county (id, name) VALUES ('IF', 'Ilfov');
INSERT INTO county (id, name) VALUES ('IL', 'Ialomita');
INSERT INTO county (id, name) VALUES ('IS', 'Iasi');
INSERT INTO county (id, name) VALUES ('MH', 'Mehedinti');
INSERT INTO county (id, name) VALUES ('MM', 'Maramures');
INSERT INTO county (id, name) VALUES ('MS', 'Mures');
INSERT INTO county (id, name) VALUES ('NT', 'Neamt');
INSERT INTO county (id, name) VALUES ('OT', 'Olt');
INSERT INTO county (id, name) VALUES ('PH', 'Prahova');
INSERT INTO county (id, name) VALUES ('SB', 'Sibiu');
INSERT INTO county (id, name) VALUES ('SJ', 'Salaj');
INSERT INTO county (id, name) VALUES ('SM', 'Satu Mare');
INSERT INTO county (id, name) VALUES ('SV', 'Suceava');
INSERT INTO county (id, name) VALUES ('TL', 'Tulcea');
INSERT INTO county (id, name) VALUES ('TM', 'Timis');
INSERT INTO county (id, name) VALUES ('TR', 'Teleorman');
INSERT INTO county (id, name) VALUES ('VL', 'Valcea');
INSERT INTO county (id, name) VALUES ('VN', 'Vrancea');
INSERT INTO county (id, name) VALUES ('VS', 'Vaslui');

INSERT INTO city (id, name, county_id) VALUES (1, 'Bucuresti', 'B');
INSERT INTO city (id, name, county_id) VALUES (2, 'Cluj-Napoca', 'CJ');
INSERT INTO city (id, name, county_id) VALUES (3, 'Timisoara', 'TM');
INSERT INTO city (id, name, county_id) VALUES (4, 'Constanta', 'CT');
INSERT INTO city (id, name, county_id) VALUES (5, 'Brasov', 'BV');
INSERT INTO city (id, name, county_id) VALUES (6, 'Iasi', 'IS');
INSERT INTO city (id, name, county_id) VALUES (7, 'Aricestii Rahtivani', 'PH');
INSERT INTO city (id, name, county_id) VALUES (8, 'Afumati', 'IF');
INSERT INTO city (id, name, county_id) VALUES (9, 'Sibiu', 'SB');
INSERT INTO city (id, name, county_id) VALUES (10, 'Craiova', 'DJ');
INSERT INTO city (id, name, county_id) VALUES (11, 'Ploiesti', 'PH');
INSERT INTO city (id, name, county_id) VALUES (12, 'Sfantu Gheorghe', 'CV');

INSERT INTO book_author (book_id, author_id) VALUES (1, 6);
INSERT INTO book_author (book_id, author_id) VALUES (2, 4);
INSERT INTO book_author (book_id, author_id) VALUES (3, 2);
INSERT INTO book_author (book_id, author_id) VALUES (4, 5);
INSERT INTO book_author (book_id, author_id) VALUES (5, 7);
INSERT INTO book_author (book_id, author_id) VALUES (6, 1);
INSERT INTO book_author (book_id, author_id) VALUES (7, 10);
INSERT INTO book_author (book_id, author_id) VALUES (8, 11);
INSERT INTO book_author (book_id, author_id) VALUES (9, 3);
INSERT INTO book_author (book_id, author_id) VALUES (10, 8);
INSERT INTO book_author (book_id, author_id) VALUES (11, 12);
INSERT INTO book_author (book_id, author_id) VALUES (11, 13);
INSERT INTO book_author (book_id, author_id) VALUES (11, 6);
INSERT INTO book_author (book_id, author_id) VALUES (12, 6);
INSERT INTO book_author (book_id, author_id) VALUES (12, 12);
INSERT INTO book_author (book_id, author_id) VALUES (13, 14);
INSERT INTO book_author (book_id, author_id) VALUES (14, 15);
INSERT INTO book_author (book_id, author_id) VALUES (15, 16);
INSERT INTO book_author (book_id, author_id) VALUES (16, 5);
INSERT INTO book_author (book_id, author_id) VALUES (17, 17);
INSERT INTO book_author (book_id, author_id) VALUES (18, 18);
INSERT INTO book_author (book_id, author_id) VALUES (19, 19);
INSERT INTO book_author (book_id, author_id) VALUES (20, 20);
INSERT INTO book_author (book_id, author_id) VALUES (21, 14);
INSERT INTO book_author (book_id, author_id) VALUES (22, 17);
INSERT INTO book_author (book_id, author_id) VALUES (23, 19);
INSERT INTO book_author (book_id, author_id) VALUES (24, 20);
INSERT INTO book_author (book_id, author_id) VALUES (25, 18);

INSERT INTO supplier (name, email, phone) VALUES ('Luminis', 'contact@luminis.ro', '0723111222');
INSERT INTO supplier (name, email, phone) VALUES ('Astra Publishing', 'office@astrapublishing.ro', '0744333444');
INSERT INTO supplier (name, email, phone) VALUES ('Cartea Albastra', 'info@carteaalbastra.ro', '0755555666');
INSERT INTO supplier (name, email, phone) VALUES ('Orion', 'vanzari@orionbooks.ro', '0732777888');
INSERT INTO supplier (name, email, phone) VALUES ('Solaris Edit', 'suport@solarisedit.ro', '0746999000');
INSERT INTO supplier (name, email, phone) VALUES ('Phoenix Media', 'contact@phoenixmedia.ro', '0721444555');
INSERT INTO supplier (name, email, phone) VALUES ('Cartea de Aur', 'office@carteadearur.ro', '0748777666');
INSERT INTO supplier (name, email, phone) VALUES ('Libris Distributie', 'comenzi@librisdistrib.ro', '0730123456');

INSERT INTO purchase_order (supplier_id, order_date) VALUES (3, TO_DATE('2024-01-17', 'YYYY-MM-DD'));
INSERT INTO purchase_order (supplier_id, order_date) VALUES (1, TO_DATE('2024-01-30', 'YYYY-MM-DD'));
INSERT INTO purchase_order (supplier_id, order_date) VALUES (2, TO_DATE('2024-02-15', 'YYYY-MM-DD'));
INSERT INTO purchase_order (supplier_id, order_date) VALUES (3, TO_DATE('2024-03-17', 'YYYY-MM-DD'));
INSERT INTO purchase_order (supplier_id, order_date) VALUES (2, TO_DATE('2024-05-09', 'YYYY-MM-DD'));
INSERT INTO purchase_order (supplier_id, order_date) VALUES (3, TO_DATE('2025-01-08', 'YYYY-MM-DD'));
INSERT INTO purchase_order (supplier_id, order_date) VALUES (4, TO_DATE('2025-01-14', 'YYYY-MM-DD'));
INSERT INTO purchase_order (supplier_id, order_date) VALUES (7, TO_DATE('2025-01-14', 'YYYY-MM-DD'));
INSERT INTO purchase_order (supplier_id, order_date) VALUES (3, TO_DATE('2025-01-14', 'YYYY-MM-DD'));
INSERT INTO purchase_order (supplier_id, order_date) VALUES (4, TO_DATE('2025-01-16', 'YYYY-MM-DD'));

INSERT INTO wishlist (book_id, customer_id, added_date) VALUES (12, 4, TO_DATE('2024-03-21', 'YYYY-MM-DD'));
INSERT INTO wishlist (book_id, customer_id, added_date) VALUES (4, 4, TO_DATE('2024-03-21', 'YYYY-MM-DD'));
INSERT INTO wishlist (book_id, customer_id, added_date) VALUES (6, 1, TO_DATE('2023-04-14', 'YYYY-MM-DD'));
INSERT INTO wishlist (book_id, customer_id, added_date) VALUES (6, 5, TO_DATE('2023-12-01', 'YYYY-MM-DD'));
INSERT INTO wishlist (book_id, customer_id, added_date) VALUES (8, 5, TO_DATE('2023-12-01', 'YYYY-MM-DD'));
INSERT INTO wishlist (book_id, customer_id, added_date) VALUES (2, 5, TO_DATE('2023-12-15', 'YYYY-MM-DD'));
INSERT INTO wishlist (book_id, customer_id, added_date) VALUES (4, 8, TO_DATE('2024-12-17', 'YYYY-MM-DD'));
INSERT INTO wishlist (book_id, customer_id, added_date) VALUES (7, 7, TO_DATE('2024-06-06', 'YYYY-MM-DD'));
INSERT INTO wishlist (book_id, customer_id, added_date) VALUES (9, 10, TO_DATE('2023-09-16', 'YYYY-MM-DD'));
INSERT INTO wishlist (book_id, customer_id, added_date) VALUES (5, 6, TO_DATE('2024-09-16', 'YYYY-MM-DD'));
INSERT INTO wishlist (book_id, customer_id, added_date) VALUES (13, 3, TO_DATE('2024-11-21', 'YYYY-MM-DD'));
INSERT INTO wishlist (book_id, customer_id, added_date) VALUES (14, 3, TO_DATE('2024-11-21', 'YYYY-MM-DD'));
INSERT INTO wishlist (book_id, customer_id, added_date) VALUES (17, 3, TO_DATE('2024-11-21', 'YYYY-MM-DD'));
INSERT INTO wishlist (book_id, customer_id, added_date) VALUES (24, 3, TO_DATE('2024-11-21', 'YYYY-MM-DD'));
INSERT INTO wishlist (book_id, customer_id, added_date) VALUES (4, 3, TO_DATE('2024-12-28', 'YYYY-MM-DD'));
INSERT INTO wishlist (book_id, customer_id, added_date) VALUES (8, 3, TO_DATE('2025-01-16', 'YYYY-MM-DD'));

INSERT INTO purchase_order_line (purchase_order_id, book_id, quantity, unit_price) VALUES (1, 12, 20, 50);
INSERT INTO purchase_order_line (purchase_order_id, book_id, quantity, unit_price) VALUES (1, 4, 12, 15);
INSERT INTO purchase_order_line (purchase_order_id, book_id, quantity, unit_price) VALUES (1, 7, 3, 15);
INSERT INTO purchase_order_line (purchase_order_id, book_id, quantity, unit_price) VALUES (2, 12, 6, 55);
INSERT INTO purchase_order_line (purchase_order_id, book_id, quantity, unit_price) VALUES (2, 5, 7, 40);
INSERT INTO purchase_order_line (purchase_order_id, book_id, quantity, unit_price) VALUES (2, 8, 7, 30);
INSERT INTO purchase_order_line (purchase_order_id, book_id, quantity, unit_price) VALUES (3, 11, 15, 20);
INSERT INTO purchase_order_line (purchase_order_id, book_id, quantity, unit_price) VALUES (4, 3, 6, 35);
INSERT INTO purchase_order_line (purchase_order_id, book_id, quantity, unit_price) VALUES (5, 1, 16, 30);
INSERT INTO purchase_order_line (purchase_order_id, book_id, quantity, unit_price) VALUES (6, 1, 5, 40);
INSERT INTO purchase_order_line (purchase_order_id, book_id, quantity, unit_price) VALUES (7, 18, 10, 30);
INSERT INTO purchase_order_line (purchase_order_id, book_id, quantity, unit_price) VALUES (7, 20, 10, 60);
INSERT INTO purchase_order_line (purchase_order_id, book_id, quantity, unit_price) VALUES (7, 22, 10, 50);
INSERT INTO purchase_order_line (purchase_order_id, book_id, quantity, unit_price) VALUES (7, 23, 10, 65);
INSERT INTO purchase_order_line (purchase_order_id, book_id, quantity, unit_price) VALUES (7, 25, 10, 50);
INSERT INTO purchase_order_line (purchase_order_id, book_id, quantity, unit_price) VALUES (8, 24, 9, 65);
INSERT INTO purchase_order_line (purchase_order_id, book_id, quantity, unit_price) VALUES (9, 15, 10, 45);
INSERT INTO purchase_order_line (purchase_order_id, book_id, quantity, unit_price) VALUES (9, 16, 6, 20);
INSERT INTO purchase_order_line (purchase_order_id, book_id, quantity, unit_price) VALUES (10, 12, 5, 50);

INSERT INTO voucher (value, validity_date) VALUES (20, TO_DATE('2024-12-25', 'YYYY-MM-DD'));
INSERT INTO voucher (value, validity_date) VALUES (100, TO_DATE('2024-01-16', 'YYYY-MM-DD'));
INSERT INTO voucher (value, validity_date) VALUES (20, TO_DATE('2025-03-03', 'YYYY-MM-DD'));
INSERT INTO voucher (value, validity_date) VALUES (30, TO_DATE('2024-12-25', 'YYYY-MM-DD'));
INSERT INTO voucher (value, validity_date) VALUES (20, TO_DATE('2024-06-30', 'YYYY-MM-DD'));
INSERT INTO voucher (value, validity_date) VALUES (20, TO_DATE('2025-09-01', 'YYYY-MM-DD'));
INSERT INTO voucher (value, validity_date) VALUES (30, TO_DATE('2025-09-01', 'YYYY-MM-DD'));
INSERT INTO voucher (value, validity_date) VALUES (20, TO_DATE('2025-09-01', 'YYYY-MM-DD'));

INSERT INTO address (customer_id, address_line_1, address_line_2, city_id, first_name, last_name, phone) VALUES (3, 'Mihai Eminescu 45', 'bl.18 sc.A et.3 ap.18', 1, 'Munteanu', 'Andrei', '0742345678');
INSERT INTO address (customer_id, address_line_1, address_line_2, city_id, first_name, last_name, phone) VALUES (5, 'Stefan cel Mare 12', NULL, 2, 'Dumitrescu', 'Vlad', '0722456123');
INSERT INTO address (customer_id, address_line_1, address_line_2, city_id, first_name, last_name, phone) VALUES (7, 'Independentei 78', NULL, 3, 'Stan', 'Gabriel', '0744567890');
INSERT INTO address (customer_id, address_line_1, address_line_2, city_id, first_name, last_name, phone) VALUES (2, 'Primaverii 22', 'cladirea C2', 4, 'Popescu', 'Elena', '0751234567');
INSERT INTO address (customer_id, address_line_1, address_line_2, city_id, first_name, last_name, phone) VALUES (10, 'Dreapta 12', 'etaj 2', 5, 'Dima', 'Dan', '0755678555');
INSERT INTO address (customer_id, address_line_1, address_line_2, city_id, first_name, last_name, phone) VALUES (8, 'Viitorului 89', NULL, 6, 'Petrescu', 'Ana', '0729123456');
INSERT INTO address (customer_id, address_line_1, address_line_2, city_id, first_name, last_name, phone) VALUES (10, 'Libertatii 56', 'bl. 6D sc.A et.1 ap.55', 5, 'Dima', 'Diana', '0755678234');
INSERT INTO address (customer_id, address_line_1, address_line_2, city_id, first_name, last_name, phone) VALUES (7, 'Mihai Viteazu 7', 'sc A ap 5', 3, 'Stan', 'Gabriel', '0744567890');
INSERT INTO address (customer_id, address_line_1, address_line_2, city_id, first_name, last_name, phone) VALUES (1, 'Unirii 10', 'bl 15D sc B et 6 ap 115', 3, 'Ilie', 'Adela', '0799123123');
INSERT INTO address (customer_id, address_line_1, address_line_2, city_id, first_name, last_name, phone) VALUES (10, 'Dezrobirii 6', NULL, 5, 'Dima', 'Diana', '0755678234');
INSERT INTO address (customer_id, address_line_1, address_line_2, city_id, first_name, last_name, phone) VALUES (11, 'Libertatii 123', 'et.4 ap.20', 4, 'Popa', 'Adrian', '0761122334');
INSERT INTO address (customer_id, address_line_1, address_line_2, city_id, first_name, last_name, phone) VALUES (12, 'Rozelor 45', 'bl. D3', 9, 'Enache', 'Cristina', '0772233445');
INSERT INTO address (customer_id, address_line_1, address_line_2, city_id, first_name, last_name, phone) VALUES (3, 'Lucian Blaga 67', NULL, 8, 'Munteanu', 'Andrei', '0742345678');
INSERT INTO address (customer_id, address_line_1, address_line_2, city_id, first_name, last_name, phone) VALUES (15, 'Principala 19', NULL, 7, 'Neagu', 'George', '0715566778');
INSERT INTO address (customer_id, address_line_1, address_line_2, city_id, first_name, last_name, phone) VALUES (7, 'Pacii 12', 'intrarea E', 3, 'Stan', 'Gabriel', '0744567890');

INSERT INTO sale_order(order_date,shipping_address_id,billing_address_id,voucher_id) VALUES(TO_DATE('2024-01-12','YYYY-MM-DD'),1,1,2);
INSERT INTO sale_order(order_date,shipping_address_id,billing_address_id,voucher_id) VALUES(TO_DATE('2024-03-22','YYYY-MM-DD'),2,2,NULL);
INSERT INTO sale_order(order_date,shipping_address_id,billing_address_id,voucher_id) VALUES(TO_DATE('2024-05-18','YYYY-MM-DD'),3,8,5);
INSERT INTO sale_order(order_date,shipping_address_id,billing_address_id,voucher_id) VALUES(TO_DATE('2025-01-12','YYYY-MM-DD'),4,4,NULL);
INSERT INTO sale_order(order_date,shipping_address_id,billing_address_id,voucher_id) VALUES(TO_DATE('2024-09-05','YYYY-MM-DD'),5,7,NULL);
INSERT INTO sale_order(order_date,shipping_address_id,billing_address_id,voucher_id) VALUES(TO_DATE('2024-10-29','YYYY-MM-DD'),6,6,4);
INSERT INTO sale_order(order_date,shipping_address_id,billing_address_id,voucher_id) VALUES(TO_DATE('2025-02-26','YYYY-MM-DD'),12,12,NULL);
INSERT INTO sale_order(order_date,shipping_address_id,billing_address_id,voucher_id) VALUES(TO_DATE('2025-03-10','YYYY-MM-DD'),13,13,6);
INSERT INTO sale_order(order_date,shipping_address_id,billing_address_id,voucher_id) VALUES(TO_DATE('2025-03-10','YYYY-MM-DD'),1,1,NULL);
INSERT INTO sale_order(order_date,shipping_address_id,billing_address_id,voucher_id) VALUES(TO_DATE('2025-03-22','YYYY-MM-DD'),7,10,NULL);

INSERT INTO sale_order_line(sale_order_id,book_id,quantity,unit_price) VALUES(1,12,8,90);
INSERT INTO sale_order_line(sale_order_id,book_id,quantity,unit_price) VALUES(2,4,1,35);
INSERT INTO sale_order_line(sale_order_id,book_id,quantity,unit_price) VALUES(2,7,1,30);
INSERT INTO sale_order_line(sale_order_id,book_id,quantity,unit_price) VALUES(3,5,1,75);
INSERT INTO sale_order_line(sale_order_id,book_id,quantity,unit_price) VALUES(4,8,2,55);
INSERT INTO sale_order_line(sale_order_id,book_id,quantity,unit_price) VALUES(5,11,1,40);
INSERT INTO sale_order_line(sale_order_id,book_id,quantity,unit_price) VALUES(6,11,1,35);
INSERT INTO sale_order_line(sale_order_id,book_id,quantity,unit_price) VALUES(6,3,1,60);
INSERT INTO sale_order_line(sale_order_id,book_id,quantity,unit_price) VALUES(6,1,2,60);
INSERT INTO sale_order_line(sale_order_id,book_id,quantity,unit_price) VALUES(6,12,1,100);
INSERT INTO sale_order_line(sale_order_id,book_id,quantity,unit_price) VALUES(7,24,2,100);
INSERT INTO sale_order_line(sale_order_id,book_id,quantity,unit_price) VALUES(7,15,1,80);
INSERT INTO sale_order_line(sale_order_id,book_id,quantity,unit_price) VALUES(8,18,1,50);
INSERT INTO sale_order_line(sale_order_id,book_id,quantity,unit_price) VALUES(8,20,1,90);
INSERT INTO sale_order_line(sale_order_id,book_id,quantity,unit_price) VALUES(8,22,1,70);
INSERT INTO sale_order_line(sale_order_id,book_id,quantity,unit_price) VALUES(8,23,1,90);
INSERT INTO sale_order_line(sale_order_id,book_id,quantity,unit_price) VALUES(8,25,1,80);
INSERT INTO sale_order_line(sale_order_id,book_id,quantity,unit_price) VALUES(8,15,1,90);
INSERT INTO sale_order_line(sale_order_id,book_id,quantity,unit_price) VALUES(9,12,2,100);
INSERT INTO sale_order_line(sale_order_id,book_id,quantity,unit_price) VALUES(10,24,1,110);
INSERT INTO sale_order_line(sale_order_id,book_id,quantity,unit_price) VALUES(10,25,1,85);

